file,split,frame_idx,frame_mean,z_score,iqr_outlier,window_indices
subject14_run5_non_log_preprocessed.csv,TEST,783,0.9411399960517883,3.221173058687969,True,"[25, 26]"
subject14_run5_non_log_preprocessed.csv,TEST,784,0.9111447930335999,3.1171433636838435,True,"[25, 26]"
subject15_run5_non_log_preprocessed.csv,TRAIN,240,1.1942594051361084,4.0990445940364415,True,"[7, 8]"
subject15_run5_non_log_preprocessed.csv,TRAIN,241,1.2822227478027344,4.404120032385821,True,"[7, 8]"
subject15_run5_non_log_preprocessed.csv,TRAIN,242,1.323387861251831,4.546889334341303,True,"[7, 8]"
subject15_run5_non_log_preprocessed.csv,TRAIN,243,1.311539649963379,4.505797236850424,True,"[7, 8]"
subject15_run5_non_log_preprocessed.csv,TRAIN,244,1.2877973318099976,4.423453866322494,True,"[7, 8]"
subject15_run5_non_log_preprocessed.csv,TRAIN,245,1.2483301162719727,4.286573232689404,True,"[7, 8]"
subject15_run5_non_log_preprocessed.csv,TRAIN,246,1.1886426210403442,4.079564401285886,True,"[7, 8]"
subject15_run5_non_log_preprocessed.csv,TRAIN,247,1.149586796760559,3.9441105593666603,True,"[7, 8]"
subject15_run5_non_log_preprocessed.csv,TRAIN,248,1.1277204751968384,3.868273540968864,True,"[7, 8]"
subject15_run5_non_log_preprocessed.csv,TRAIN,249,1.0827860832214355,3.71243158552144,True,"[7, 8]"
subject15_run5_non_log_preprocessed.csv,TRAIN,250,1.0561450719833374,3.6200349355631025,True,"[7, 8]"
subject16_run4_non_log_preprocessed.csv,TRAIN,1326,0.953646183013916,3.26454715469078,True,"[43, 44]"
subject16_run4_non_log_preprocessed.csv,TRAIN,1327,1.0423099994659424,3.5720519839734157,True,"[43, 44]"
subject16_run4_non_log_preprocessed.csv,TRAIN,1328,1.1330817937850952,3.8868677254195614,True,"[43, 44]"
subject16_run4_non_log_preprocessed.csv,TRAIN,1329,1.1171156167984009,3.831493653728814,True,"[43, 44]"
subject16_run4_non_log_preprocessed.csv,TRAIN,1330,1.2116281986236572,4.159283235795382,True,"[43, 44]"
subject16_run4_non_log_preprocessed.csv,TRAIN,1331,1.282401204109192,4.404738956522492,True,"[43, 44]"
subject16_run4_non_log_preprocessed.csv,TRAIN,1332,1.3273729085922241,4.560710319621739,True,"[43, 44]"
subject16_run4_non_log_preprocessed.csv,TRAIN,1333,1.3721599578857422,4.716041259549507,True,"[43, 44]"
subject16_run4_non_log_preprocessed.csv,TRAIN,1334,1.4265646934509277,4.904728365424217,True,"[43, 44]"
subject16_run4_non_log_preprocessed.csv,TRAIN,1335,1.4556773900985718,5.005697342069101,True,"[43, 44]"
subject16_run4_non_log_preprocessed.csv,TRAIN,1336,1.4526787996292114,4.995297597423909,True,"[43, 44]"
subject16_run4_non_log_preprocessed.csv,TRAIN,1337,1.3509849309921265,4.642601796975733,True,"[43, 44]"
subject16_run4_non_log_preprocessed.csv,TRAIN,1338,1.2555326223373413,4.311553043920931,True,"[43, 44]"
subject16_run4_non_log_preprocessed.csv,TRAIN,1339,1.173825979232788,4.028177160223014,True,"[43, 44]"
subject16_run4_non_log_preprocessed.csv,TRAIN,1340,0.9974877834320068,3.4165990783674136,True,"[43, 44]"
subject16_run4_non_log_preprocessed.csv,TRAIN,1341,0.8847103118896484,3.025463003683278,True,"[43, 44]"
subject16_run4_non_log_preprocessed.csv,TRAIN,1354,0.8827926516532898,3.018812153232659,True,"[44, 45]"
subject16_run4_non_log_preprocessed.csv,TRAIN,1355,0.9869211912155151,3.379951906323002,True,"[44, 45]"
subject16_run4_non_log_preprocessed.csv,TRAIN,1356,1.0520051717758179,3.6056768878554535,True,"[44, 45]"
subject16_run4_non_log_preprocessed.csv,TRAIN,1357,1.0768210887908936,3.6917437258348658,True,"[44, 45]"
subject16_run4_non_log_preprocessed.csv,TRAIN,1358,1.0005768537521362,3.4273126262322,True,"[44, 45]"
subject16_run4_non_log_preprocessed.csv,TRAIN,1359,0.9071153402328491,3.1031683708944486,True,"[44, 45]"
subject17_run3_non_log_preprocessed.csv,TRAIN,309,0.9842804074287415,3.370793110773483,True,"[9, 10]"
subject17_run3_non_log_preprocessed.csv,TRAIN,310,1.0474621057510376,3.5899205759993573,True,"[9, 10]"
subject17_run3_non_log_preprocessed.csv,TRAIN,311,1.0549180507659912,3.6157793670001324,True,"[9, 10]"
subject17_run3_non_log_preprocessed.csv,TRAIN,312,1.0460891723632812,3.5851589532324546,True,"[9, 10]"
subject17_run3_non_log_preprocessed.csv,TRAIN,313,1.0315380096435547,3.5346924496795147,True,"[9, 10]"
subject17_run3_non_log_preprocessed.csv,TRAIN,314,0.9740716218948364,3.335386887824744,True,"[9, 10]"
subject17_run3_non_log_preprocessed.csv,TRAIN,315,1.0412073135375977,3.5682276364355285,True,"[9, 10]"
subject17_run3_non_log_preprocessed.csv,TRAIN,316,1.0376701354980469,3.55595995641994,True,"[9, 10]"
subject17_run3_non_log_preprocessed.csv,TRAIN,317,1.0648192167282104,3.6501187003465447,True,"[9, 10]"
subject17_run3_non_log_preprocessed.csv,TRAIN,318,1.0921928882598877,3.7450563708419478,True,"[9, 10]"
subject17_run3_non_log_preprocessed.csv,TRAIN,319,1.0311353206634521,3.5332958393029763,True,"[9, 10]"
subject17_run3_non_log_preprocessed.csv,TRAIN,320,0.9285765290260315,3.1776003033346765,True,"[9, 10]"
subject17_run4_non_log_preprocessed.csv,TRAIN,78,0.8948422074317932,3.0606025559118075,True,"[1, 2]"
subject17_run4_non_log_preprocessed.csv,TRAIN,79,0.9203802943229675,3.1491740314463033,True,"[1, 2]"
subject17_run4_non_log_preprocessed.csv,TRAIN,80,0.959222674369812,3.2838876037150864,True,"[1, 2]"
subject17_run4_non_log_preprocessed.csv,TRAIN,81,1.1858278512954712,4.0698021857113345,True,"[1, 2]"
subject17_run4_non_log_preprocessed.csv,TRAIN,82,1.7146223783493042,5.903773215542466,True,"[1, 2]"
subject17_run4_non_log_preprocessed.csv,TRAIN,83,1.5492805242538452,5.33033276766361,True,"[1, 2]"
subject17_run4_non_log_preprocessed.csv,TRAIN,84,1.5759333372116089,5.422770348476678,True,"[1, 2]"
subject17_run4_non_log_preprocessed.csv,TRAIN,85,1.6655125617980957,5.733450006380226,True,"[1, 2]"
subject17_run4_non_log_preprocessed.csv,TRAIN,86,1.5051952600479126,5.177435766541848,True,"[1, 2]"
subject17_run4_non_log_preprocessed.csv,TRAIN,87,1.62028169631958,5.576579818248831,True,"[1, 2]"
subject17_run4_non_log_preprocessed.csv,TRAIN,88,1.500152349472046,5.159945888282901,True,"[1, 2]"
subject17_run4_non_log_preprocessed.csv,TRAIN,89,1.2893480062484741,4.428831932568206,True,"[1, 2]"
subject17_run4_non_log_preprocessed.csv,TRAIN,90,1.1285104751586914,3.8710134275779,True,"[2, 3]"
subject17_run4_non_log_preprocessed.csv,TRAIN,91,1.0372672080993652,3.5545625191574466,True,"[2, 3]"
subject17_run4_non_log_preprocessed.csv,TRAIN,92,0.9333186149597168,3.194046858240989,True,"[2, 3]"
subject17_run4_non_log_preprocessed.csv,TRAIN,93,0.8939874172210693,3.057637963044735,True,"[2, 3]"
subject17_run4_non_log_preprocessed.csv,TRAIN,98,0.9115813970565796,3.1186575985873586,True,"[2, 3]"
subject17_run4_non_log_preprocessed.csv,TRAIN,99,0.9339504241943359,3.1962381060194542,True,"[2, 3]"
subject17_run4_non_log_preprocessed.csv,TRAIN,100,0.9212697744369507,3.152258936219703,True,"[2, 3]"
subject17_run4_non_log_preprocessed.csv,TRAIN,101,0.917596697807312,3.1395199312102555,True,"[2, 3]"
subject17_run4_non_log_preprocessed.csv,TRAIN,102,0.9119107723236084,3.119799941533,True,"[2, 3]"
subject17_run4_non_log_preprocessed.csv,TRAIN,103,0.9069276452064514,3.102517404927054,True,"[2, 3]"
subject17_run4_non_log_preprocessed.csv,TRAIN,106,0.9042633771896362,3.093277161111052,True,"[2, 3]"
subject17_run4_non_log_preprocessed.csv,TRAIN,107,0.9138901233673096,3.126664748724252,True,"[2, 3]"
subject17_run4_non_log_preprocessed.csv,TRAIN,108,0.918093204498291,3.1412419212097475,True,"[2, 3]"
subject17_run4_non_log_preprocessed.csv,TRAIN,109,0.9143969416618347,3.1284225015412606,True,"[2, 3]"
subject17_run4_non_log_preprocessed.csv,TRAIN,110,0.9468511939048767,3.2409806982763634,True,"[2, 3]"
subject17_run4_non_log_preprocessed.csv,TRAIN,111,1.0138890743255615,3.4734822169244626,True,"[2, 3]"
subject17_run4_non_log_preprocessed.csv,TRAIN,112,0.9975643157958984,3.4168645087586915,True,"[2, 3]"
subject17_run4_non_log_preprocessed.csv,TRAIN,113,1.0226664543151855,3.5039240233260465,True,"[2, 3]"
subject17_run4_non_log_preprocessed.csv,TRAIN,178,0.8805747032165527,3.011119839922803,True,"[4, 5]"
subject17_run4_non_log_preprocessed.csv,TRAIN,179,0.926146388053894,3.169172061525638,True,"[4, 5]"
subject17_run4_non_log_preprocessed.csv,TRAIN,180,0.9373757839202881,3.2081179765225523,True,"[5, 6]"
subject17_run4_non_log_preprocessed.csv,TRAIN,181,0.8779941201210022,3.002169833076704,True,"[5, 6]"
subject17_run4_non_log_preprocessed.csv,TRAIN,200,0.900131344795227,3.0789464006398894,True,"[5, 6]"
subject17_run4_non_log_preprocessed.csv,TRAIN,201,1.0926764011383057,3.7467332955569392,True,"[5, 6]"
subject17_run4_non_log_preprocessed.csv,TRAIN,202,1.2119691371917725,4.160465682709799,True,"[5, 6]"
subject17_run4_non_log_preprocessed.csv,TRAIN,203,1.3007752895355225,4.468464162907055,True,"[5, 6]"
subject17_run4_non_log_preprocessed.csv,TRAIN,204,1.470524787902832,5.057191251420057,True,"[5, 6]"
subject17_run4_non_log_preprocessed.csv,TRAIN,205,1.6555322408676147,5.698836146897039,True,"[5, 6]"
subject17_run4_non_log_preprocessed.csv,TRAIN,206,1.7028958797454834,5.863103243331174,True,"[5, 6]"
subject17_run4_non_log_preprocessed.csv,TRAIN,207,1.8208484649658203,6.272187704535825,True,"[5, 6]"
subject17_run4_non_log_preprocessed.csv,TRAIN,208,1.9114320278167725,6.586350619521179,True,"[5, 6]"
subject17_run4_non_log_preprocessed.csv,TRAIN,209,1.9028916358947754,6.5567307377580075,True,"[5, 6]"
subject17_run4_non_log_preprocessed.csv,TRAIN,210,1.9119453430175781,6.588130904980437,True,"[6, 7]"
subject17_run4_non_log_preprocessed.csv,TRAIN,211,2.0032713413238525,6.904868742826976,True,"[6, 7]"
subject17_run4_non_log_preprocessed.csv,TRAIN,212,2.066190481185913,7.123085599895856,True,"[6, 7]"
subject17_run4_non_log_preprocessed.csv,TRAIN,213,2.0046300888061523,6.909581165879607,True,"[6, 7]"
subject17_run4_non_log_preprocessed.csv,TRAIN,214,1.8852519989013672,6.495552753555167,True,"[6, 7]"
subject17_run4_non_log_preprocessed.csv,TRAIN,215,1.790712594985962,6.167670146818758,True,"[6, 7]"
subject17_run4_non_log_preprocessed.csv,TRAIN,216,1.7168500423431396,5.9114992244549525,True,"[6, 7]"
subject17_run4_non_log_preprocessed.csv,TRAIN,217,1.526489496231079,5.251288672092691,True,"[6, 7]"
subject17_run4_non_log_preprocessed.csv,TRAIN,218,1.2805356979370117,4.398268987374341,True,"[6, 7]"
subject17_run4_non_log_preprocessed.csv,TRAIN,219,1.0424063205718994,3.5723860458988876,True,"[6, 7]"
subject17_run4_non_log_preprocessed.csv,TRAIN,220,0.8884975910186768,3.038598087064757,True,"[6, 7]"
subject17_run4_non_log_preprocessed.csv,TRAIN,266,0.888109564781189,3.037252330174398,True,"[7, 8]"
subject17_run4_non_log_preprocessed.csv,TRAIN,267,0.9946817755699158,3.406867250851677,True,"[7, 8]"
subject17_run4_non_log_preprocessed.csv,TRAIN,268,1.1075528860092163,3.7983280849942997,True,"[7, 8]"
subject17_run4_non_log_preprocessed.csv,TRAIN,269,1.2793638706207275,4.394204842909754,True,"[7, 8]"
subject17_run4_non_log_preprocessed.csv,TRAIN,270,1.372661828994751,4.717781854482967,True,"[8, 9]"
subject17_run4_non_log_preprocessed.csv,TRAIN,271,1.390573501586914,4.779903315559479,True,"[8, 9]"
subject17_run4_non_log_preprocessed.csv,TRAIN,272,1.4512492418289185,4.9903395892428986,True,"[8, 9]"
subject17_run4_non_log_preprocessed.csv,TRAIN,273,1.5527455806732178,5.342350314678072,True,"[8, 9]"
subject17_run4_non_log_preprocessed.csv,TRAIN,274,1.4399752616882324,4.951239046572561,True,"[8, 9]"
subject17_run4_non_log_preprocessed.csv,TRAIN,275,1.2750893831253052,4.379380018080994,True,"[8, 9]"
subject17_run4_non_log_preprocessed.csv,TRAIN,276,1.142782211303711,3.92051082079259,True,"[8, 9]"
subject17_run4_non_log_preprocessed.csv,TRAIN,277,1.2759416103363037,4.3823357219240595,True,"[8, 9]"
subject17_run4_non_log_preprocessed.csv,TRAIN,278,1.3865211009979248,4.7658487349969985,True,"[8, 9]"
subject17_run4_non_log_preprocessed.csv,TRAIN,279,1.4874372482299805,5.115847233462778,True,"[8, 9]"
subject17_run4_non_log_preprocessed.csv,TRAIN,280,1.6852855682373047,5.802026966100692,True,"[8, 9]"
subject17_run4_non_log_preprocessed.csv,TRAIN,281,1.6173152923583984,5.566291703207448,True,"[8, 9]"
subject17_run4_non_log_preprocessed.csv,TRAIN,282,1.464878797531128,5.037609765140119,True,"[8, 9]"
subject17_run4_non_log_preprocessed.csv,TRAIN,283,1.1554789543151855,3.9645458053942457,True,"[8, 9]"
subject17_run4_non_log_preprocessed.csv,TRAIN,284,1.0077898502349854,3.4523288204457088,True,"[8, 9]"
subject19_run5_non_log_preprocessed.csv,VAL,88,0.8775441646575928,3.0006092925597576,True,"[1, 2]"
subject19_run5_non_log_preprocessed.csv,VAL,291,0.8897804021835327,3.043047146940996,True,"[8, 9]"
subject19_run5_non_log_preprocessed.csv,VAL,292,0.9185526967048645,3.14283553716486,True,"[8, 9]"
subject19_run5_non_log_preprocessed.csv,VAL,293,0.9640212655067444,3.30053013059253,True,"[8, 9]"
subject19_run5_non_log_preprocessed.csv,VAL,294,1.0180423259735107,3.4878865702455433,True,"[8, 9]"
subject19_run5_non_log_preprocessed.csv,VAL,295,1.0666968822479248,3.6566308406783574,True,"[8, 9]"
subject19_run5_non_log_preprocessed.csv,VAL,296,1.077979564666748,3.6957615646860216,True,"[8, 9]"
subject19_run5_non_log_preprocessed.csv,VAL,297,1.1519306898117065,3.9522396751817896,True,"[8, 9]"
subject19_run5_non_log_preprocessed.csv,VAL,298,1.242902398109436,4.26774876050048,True,"[8, 9]"
subject19_run5_non_log_preprocessed.csv,VAL,299,1.332659125328064,4.579044034996883,True,"[8, 9]"
subject19_run5_non_log_preprocessed.csv,VAL,300,1.3942664861679077,4.792711365546097,True,"[9, 10]"
subject19_run5_non_log_preprocessed.csv,VAL,301,1.455841302871704,5.00626582616257,True,"[9, 10]"
subject19_run5_non_log_preprocessed.csv,VAL,302,1.4777411222457886,5.082219022036923,True,"[9, 10]"
subject19_run5_non_log_preprocessed.csv,VAL,303,1.4425806999206543,4.960275256279379,True,"[9, 10]"
subject19_run5_non_log_preprocessed.csv,VAL,304,0.9066362977027893,3.1015069502910975,True,"[9, 10]"
subject19_run5_non_log_preprocessed.csv,VAL,305,0.8843395709991455,3.024177196024594,True,"[9, 10]"
subject19_run5_non_log_preprocessed.csv,VAL,306,0.8811939358711243,3.0132674694671877,True,"[9, 10]"
subject19_run5_non_log_preprocessed.csv,VAL,307,0.8887103796005249,3.039336082778825,True,"[9, 10]"
subject19_run5_non_log_preprocessed.csv,VAL,308,0.8843528628349304,3.024223294916537,True,"[9, 10]"
subject19_run5_non_log_preprocessed.csv,VAL,309,0.8868018388748169,3.032716860715952,True,"[9, 10]"
subject19_run5_non_log_preprocessed.csv,VAL,310,0.9116401672363281,3.1188614259750533,True,"[9, 10]"
subject19_run5_non_log_preprocessed.csv,VAL,311,0.9210944771766663,3.151650968321923,True,"[9, 10]"
subject19_run5_non_log_preprocessed.csv,VAL,312,0.9358826875686646,3.202939603234764,True,"[9, 10]"
subject19_run5_non_log_preprocessed.csv,VAL,313,0.9327692985534668,3.1921417130026555,True,"[9, 10]"
subject19_run5_non_log_preprocessed.csv,VAL,314,0.9306572675704956,3.1848167437779256,True,"[9, 10]"
subject19_run5_non_log_preprocessed.csv,VAL,315,0.9154919385910034,3.132220182007127,True,"[9, 10]"
subject19_run5_non_log_preprocessed.csv,VAL,316,0.917617678642273,3.1395926971742196,True,"[9, 10]"
subject19_run5_non_log_preprocessed.csv,VAL,317,0.9006380438804626,3.080703740013921,True,"[9, 10]"
subject19_run5_non_log_preprocessed.csv,VAL,318,0.8787122964859009,3.004660620292056,True,"[9, 10]"
subject19_run5_non_log_preprocessed.csv,VAL,337,0.8841449618339539,3.023502250364529,True,"[10, 11]"
subject19_run5_non_log_preprocessed.csv,VAL,338,0.9036149382591248,3.0910282380372855,True,"[10, 11]"
subject19_run5_non_log_preprocessed.csv,VAL,339,0.9321013689041138,3.1898251920021385,True,"[10, 11]"
subject19_run5_non_log_preprocessed.csv,VAL,340,0.955926239490509,3.2724548717916884,True,"[10, 11]"
subject19_run5_non_log_preprocessed.csv,VAL,341,0.9945091009140015,3.4062683786993926,True,"[10, 11]"
subject19_run5_non_log_preprocessed.csv,VAL,342,1.0094232559204102,3.457993816117507,True,"[10, 11]"
subject19_run5_non_log_preprocessed.csv,VAL,343,1.0107429027557373,3.46257062987366,True,"[10, 11]"
subject19_run5_non_log_preprocessed.csv,VAL,344,0.9797464609146118,3.3550684273051328,True,"[10, 11]"
subject19_run5_non_log_preprocessed.csv,VAL,345,0.9467774629592896,3.240724983795046,True,"[10, 11]"
subject19_run5_non_log_preprocessed.csv,VAL,346,0.906592607498169,3.1013554234400016,True,"[10, 11]"
subject19_run5_non_log_preprocessed.csv,VAL,373,1.316693663597107,4.523672443963998,True,"[11, 12]"
subject19_run5_non_log_preprocessed.csv,VAL,374,1.324981689453125,4.552417066944714,True,"[11, 12]"
subject19_run5_non_log_preprocessed.csv,VAL,375,1.329850673675537,4.569303731900117,True,"[11, 12]"
subject19_run5_non_log_preprocessed.csv,VAL,376,1.3634368181228638,4.685787569702489,True,"[11, 12]"
subject19_run5_non_log_preprocessed.csv,VAL,377,1.4152599573135376,4.865521154465794,True,"[11, 12]"
subject19_run5_non_log_preprocessed.csv,VAL,378,1.4235796928405762,4.894375753278411,True,"[11, 12]"
subject19_run5_non_log_preprocessed.csv,VAL,379,1.4715436697006226,5.060724948545064,True,"[11, 12]"
subject19_run5_non_log_preprocessed.csv,VAL,380,1.5317374467849731,5.2694896722721944,True,"[11, 12]"
subject19_run5_non_log_preprocessed.csv,VAL,381,1.5765738487243652,5.424991777592468,True,"[11, 12]"
subject19_run5_non_log_preprocessed.csv,VAL,382,1.6529384851455688,5.689840454601974,True,"[11, 12]"
subject19_run5_non_log_preprocessed.csv,VAL,383,1.8186182975769043,6.26445301332082,True,"[11, 12]"
subject19_run5_non_log_preprocessed.csv,VAL,384,1.882162094116211,6.48483631158954,True,"[11, 12]"
subject19_run5_non_log_preprocessed.csv,VAL,385,1.9395873546600342,6.683999235617222,True,"[11, 12]"
subject19_run5_non_log_preprocessed.csv,VAL,386,1.9766170978546143,6.812426200698184,True,"[11, 12]"
subject19_run5_non_log_preprocessed.csv,VAL,387,1.9799331426620483,6.82392694399131,True,"[11, 12]"
subject19_run5_non_log_preprocessed.csv,VAL,388,1.9892492294311523,6.856237099206268,True,"[11, 12]"
subject19_run5_non_log_preprocessed.csv,VAL,389,1.98427152633667,6.838973374255779,True,"[11, 12]"
subject19_run5_non_log_preprocessed.csv,VAL,390,1.9566175937652588,6.7430636993212865,True,"[12, 13]"
subject19_run5_non_log_preprocessed.csv,VAL,391,1.930986762046814,6.654170565150632,True,"[12, 13]"
subject19_run5_non_log_preprocessed.csv,VAL,392,1.8604657649993896,6.409588862877044,True,"[12, 13]"
subject19_run5_non_log_preprocessed.csv,VAL,393,1.7577766180038452,6.0534412270133195,True,"[12, 13]"
subject19_run5_non_log_preprocessed.csv,VAL,394,1.5934984683990479,5.4836899308188505,True,"[12, 13]"
subject19_run5_non_log_preprocessed.csv,VAL,395,1.513695240020752,5.206915491135792,True,"[12, 13]"
subject19_run5_non_log_preprocessed.csv,VAL,396,1.3828099966049194,4.7529778416778665,True,"[12, 13]"
subject19_run5_non_log_preprocessed.csv,VAL,397,1.308250904083252,4.494391171999046,True,"[12, 13]"
subject19_run5_non_log_preprocessed.csv,VAL,398,1.191429853439331,4.089231111532734,True,"[12, 13]"
subject19_run5_non_log_preprocessed.csv,VAL,399,1.0693790912628174,3.665933307662408,True,"[12, 13]"
subject19_run5_non_log_preprocessed.csv,VAL,400,0.9878599643707275,3.3832077697674197,True,"[12, 13]"
subject19_run5_non_log_preprocessed.csv,VAL,401,0.9117720723152161,3.11931890062918,True,"[12, 13]"
subject19_run5_non_log_preprocessed.csv,VAL,439,0.8960935473442078,3.0649424668421,True,"[13, 14]"
subject19_run5_non_log_preprocessed.csv,VAL,440,0.9890053272247314,3.3871801298910977,True,"[13, 14]"
subject19_run5_non_log_preprocessed.csv,VAL,441,1.0611573457717896,3.637418558976942,True,"[13, 14]"
subject19_run5_non_log_preprocessed.csv,VAL,442,1.1054469347000122,3.7910242013614006,True,"[13, 14]"
subject19_run5_non_log_preprocessed.csv,VAL,443,1.1087862253189087,3.802605566035055,True,"[13, 14]"
subject19_run5_non_log_preprocessed.csv,VAL,444,1.0962748527526855,3.7592134852627415,True,"[13, 14]"
subject19_run5_non_log_preprocessed.csv,VAL,445,1.0238103866577148,3.5078914221339996,True,"[13, 14]"
subject19_run5_non_log_preprocessed.csv,VAL,446,0.9142821431159973,3.1280243559543432,True,"[13, 14]"
subject19_run5_non_log_preprocessed.csv,VAL,449,0.8863884210586548,3.031283040471477,True,"[13, 14]"
subject19_run5_non_log_preprocessed.csv,VAL,535,0.903913140296936,3.0920624656444238,True,"[16, 17]"
subject19_run5_non_log_preprocessed.csv,VAL,536,0.958847165107727,3.282585258337319,True,"[16, 17]"
subject19_run5_non_log_preprocessed.csv,VAL,537,0.9677327871322632,3.3134024709620817,True,"[16, 17]"
subject19_run5_non_log_preprocessed.csv,VAL,538,0.930568516254425,3.1845089354814977,True,"[16, 17]"
subject19_run5_non_log_preprocessed.csv,VAL,539,0.9091416001319885,3.1101958678971777,True,"[16, 17]"
subject20_run1_non_log_preprocessed.csv,TRAIN,349,0.8807214498519897,3.011628788227575,True,"[10, 11]"
subject20_run1_non_log_preprocessed.csv,TRAIN,357,0.9329553246498108,3.1927868907683714,True,"[10, 11]"
subject20_run1_non_log_preprocessed.csv,TRAIN,361,0.9449864625930786,3.234513416507563,True,"[11, 12]"
subject20_run1_non_log_preprocessed.csv,TRAIN,365,0.9837169647216797,3.368838972542367,True,"[11, 12]"
subject20_run1_non_log_preprocessed.csv,TRAIN,369,0.9980882406234741,3.4186815906429096,True,"[11, 12]"
subject20_run1_non_log_preprocessed.csv,TRAIN,373,0.9971773028373718,3.4155222661336375,True,"[11, 12]"
subject20_run1_non_log_preprocessed.csv,TRAIN,377,1.012152075767517,3.4674579393055915,True,"[11, 12]"
subject20_run1_non_log_preprocessed.csv,TRAIN,381,0.9575298428535461,3.2780165067192195,True,"[11, 12]"
subject20_run1_non_log_preprocessed.csv,TRAIN,385,0.9346449971199036,3.198647031525346,True,"[11, 12]"
subject20_run1_non_log_preprocessed.csv,TRAIN,389,0.9358978271484375,3.202992110492852,True,"[11, 12]"
subject20_run1_non_log_preprocessed.csv,TRAIN,393,0.9401758909225464,3.2178293386109242,True,"[12, 13]"
subject20_run1_non_log_preprocessed.csv,TRAIN,397,0.9005581140518188,3.080426526497796,True,"[12, 13]"
subject20_run1_non_log_preprocessed.csv,TRAIN,401,0.9196205139160156,3.1465389526319547,True,"[12, 13]"
subject20_run1_non_log_preprocessed.csv,TRAIN,405,0.9286731481552124,3.1779353988675907,True,"[12, 13]"
subject20_run1_non_log_preprocessed.csv,TRAIN,421,0.8850270509719849,3.02656152167335,True,"[13, 14]"
subject20_run1_non_log_preprocessed.csv,TRAIN,425,0.8991501331329346,3.0755433514956354,True,"[13, 14]"
subject20_run1_non_log_preprocessed.csv,TRAIN,433,0.8816107511520386,3.0147130728365092,True,"[13, 14]"
subject20_run1_non_log_preprocessed.csv,TRAIN,441,0.888740062713623,3.0394390300801155,True,"[13, 14]"
subject20_run2_non_log_preprocessed.csv,TRAIN,430,0.8921470642089844,3.051255230364745,True,"[13, 14]"
subject20_run2_non_log_preprocessed.csv,TRAIN,434,0.9651384353637695,3.3044047114521313,True,"[13, 14]"
subject20_run2_non_log_preprocessed.csv,TRAIN,438,1.107825517654419,3.7992736290828564,True,"[13, 14]"
subject20_run2_non_log_preprocessed.csv,TRAIN,439,0.944750189781189,3.2336939725270124,True,"[13, 14]"
subject20_run2_non_log_preprocessed.csv,TRAIN,442,1.1374931335449219,3.9021671827859965,True,"[13, 14]"
subject20_run2_non_log_preprocessed.csv,TRAIN,443,0.9553483724594116,3.270450706960347,True,"[13, 14]"
subject20_run2_non_log_preprocessed.csv,TRAIN,446,1.1431756019592285,3.9218751826169176,True,"[13, 14]"
subject20_run2_non_log_preprocessed.csv,TRAIN,447,0.9745868444442749,3.337173788371636,True,"[13, 14]"
subject20_run2_non_log_preprocessed.csv,TRAIN,450,1.1465122699737549,3.933447451545076,True,"[14, 15]"
subject20_run2_non_log_preprocessed.csv,TRAIN,451,0.9173126220703125,3.1385346965959005,True,"[14, 15]"
subject20_run2_non_log_preprocessed.csv,TRAIN,454,0.9810394644737244,3.3595528365559106,True,"[14, 15]"
subject20_run3_non_log_preprocessed.csv,TRAIN,725,1.0423990488052368,3.5723608258772863,True,"[23, 24]"
subject20_run3_non_log_preprocessed.csv,TRAIN,729,1.2045342922210693,4.134680071115965,True,"[23, 24]"
subject20_run3_non_log_preprocessed.csv,TRAIN,730,0.9381163120269775,3.2106862842961044,True,"[23, 24]"
subject20_run3_non_log_preprocessed.csv,TRAIN,733,1.1768804788589478,4.038770809624451,True,"[23, 24]"
subject20_run3_non_log_preprocessed.csv,TRAIN,734,0.8812819719314575,3.0135727971057533,True,"[23, 24]"
subject20_run3_non_log_preprocessed.csv,TRAIN,737,1.1041576862335205,3.7865528155644004,True,"[23, 24]"
subject20_run3_non_log_preprocessed.csv,TRAIN,741,1.073628544807434,3.6806713094659833,True,"[23, 24]"
subject20_run3_non_log_preprocessed.csv,TRAIN,745,0.9905263185501099,3.39245524883552,True,"[23, 24]"
subject21_run6_non_log_preprocessed.csv,VAL,571,0.9143146276473999,3.1281370191655946,True,"[18, 19]"
subject21_run6_non_log_preprocessed.csv,VAL,572,0.9597228169441223,3.2856222037253793,True,"[18, 19]"
subject21_run6_non_log_preprocessed.csv,VAL,573,0.9383545517921448,3.211512550085777,True,"[18, 19]"
subject21_run6_non_log_preprocessed.csv,VAL,574,0.9886877536773682,3.3860787178001863,True,"[18, 19]"
subject21_run6_non_log_preprocessed.csv,VAL,575,1.0936719179153442,3.7501859578584416,True,"[18, 19]"
subject21_run6_non_log_preprocessed.csv,VAL,576,1.0848219394683838,3.719492364683823,True,"[18, 19]"
subject21_run6_non_log_preprocessed.csv,VAL,577,1.0538785457611084,3.6121741442400914,True,"[18, 19]"
subject21_run6_non_log_preprocessed.csv,VAL,578,1.063678503036499,3.6461624644989725,True,"[18, 19]"
subject21_run6_non_log_preprocessed.csv,VAL,579,1.0999919176101685,3.772105050730727,True,"[18, 19]"
subject21_run6_non_log_preprocessed.csv,VAL,580,1.0380674600601196,3.5573379618625105,True,"[18, 19]"
subject21_run6_non_log_preprocessed.csv,VAL,581,1.00309157371521,3.4360342058334687,True,"[18, 19]"
subject21_run6_non_log_preprocessed.csv,VAL,582,1.0178428888320923,3.4871948801449073,True,"[18, 19]"
subject21_run6_non_log_preprocessed.csv,VAL,583,1.0986170768737793,3.7673368128761915,True,"[18, 19]"
subject21_run6_non_log_preprocessed.csv,VAL,584,1.1136047840118408,3.8193173446111572,True,"[18, 19]"
subject21_run6_non_log_preprocessed.csv,VAL,585,1.0970712900161743,3.761975697792539,True,"[18, 19]"
subject21_run6_non_log_preprocessed.csv,VAL,586,1.180796504020691,4.052352411421164,True,"[18, 19]"
subject21_run6_non_log_preprocessed.csv,VAL,587,1.2929402589797974,4.441290623239201,True,"[18, 19]"
subject21_run6_non_log_preprocessed.csv,VAL,588,1.3382891416549683,4.598570119917894,True,"[18, 19]"
subject21_run6_non_log_preprocessed.csv,VAL,589,1.3577977418899536,4.666230063115221,True,"[18, 19]"
subject21_run6_non_log_preprocessed.csv,VAL,590,1.4211095571517944,4.885808801350566,True,"[18, 19]"
subject21_run6_non_log_preprocessed.csv,VAL,591,1.5117489099502563,5.200165207649188,True,"[18, 19]"
subject21_run6_non_log_preprocessed.csv,VAL,592,1.5125774145126343,5.203038636339817,True,"[18, 19]"
subject21_run6_non_log_preprocessed.csv,VAL,593,1.4838742017745972,5.103489836321164,True,"[18, 19]"
subject21_run6_non_log_preprocessed.csv,VAL,594,1.464412808418274,5.035993616542757,True,"[18, 19]"
subject21_run6_non_log_preprocessed.csv,VAL,595,1.4880664348602295,5.118029385495747,True,"[18, 19]"
subject21_run6_non_log_preprocessed.csv,VAL,596,1.417181134223938,4.872184201484237,True,"[18, 19]"
subject21_run6_non_log_preprocessed.csv,VAL,597,1.3142426013946533,4.515171642912485,True,"[18, 19]"
subject21_run6_non_log_preprocessed.csv,VAL,598,1.2511818408966064,4.2964636155868465,True,"[18, 19]"
subject21_run6_non_log_preprocessed.csv,VAL,599,1.2310696840286255,4.22671041059662,True,"[18, 19]"
subject21_run6_non_log_preprocessed.csv,VAL,600,1.1084145307540894,3.801316450832554,True,"[19, 20]"
subject21_run6_non_log_preprocessed.csv,VAL,601,0.969392716884613,3.319159457696278,True,"[19, 20]"
subject21_run6_non_log_preprocessed.csv,VAL,602,0.8893338441848755,3.0414983895488956,True,"[19, 20]"
subject21_run6_non_log_preprocessed.csv,VAL,1433,0.8955244421958923,3.0629686900695727,True,"[46, 47]"
subject21_run6_non_log_preprocessed.csv,VAL,1437,0.945279598236084,3.2355300727881753,True,"[46, 47]"
subject21_run6_non_log_preprocessed.csv,VAL,1438,0.9019363522529602,3.0852065474771786,True,"[46, 47]"
subject21_run6_non_log_preprocessed.csv,VAL,1439,0.909220814704895,3.11047060075544,True,"[46, 47]"
subject21_run6_non_log_preprocessed.csv,VAL,1441,0.9560434222221375,3.272861286238147,True,"[47, 48]"
subject21_run6_non_log_preprocessed.csv,VAL,1442,0.9042181968688965,3.093120466222743,True,"[47, 48]"
subject21_run6_non_log_preprocessed.csv,VAL,1443,0.8856785893440247,3.0288211942645202,True,"[47, 48]"
subject21_run6_non_log_preprocessed.csv,VAL,1445,0.8956049680709839,3.063247970800583,True,"[47, 48]"
subject23_run8_non_log_preprocessed.csv,VAL,909,0.9467065930366516,3.240479191945179,True,"[29, 30]"
subject23_run8_non_log_preprocessed.csv,VAL,910,1.1212793588638306,3.8459343900318768,True,"[29, 30]"
subject23_run8_non_log_preprocessed.csv,VAL,911,1.204718828201294,4.135320080844468,True,"[29, 30]"
subject23_run8_non_log_preprocessed.csv,VAL,912,1.1704906225204468,4.016609439167603,True,"[29, 30]"
subject23_run8_non_log_preprocessed.csv,VAL,913,1.4309769868850708,4.920031130334468,True,"[29, 30]"
subject23_run8_non_log_preprocessed.csv,VAL,914,1.608632206916809,5.5361769302007255,True,"[29, 30]"
subject23_run8_non_log_preprocessed.csv,VAL,915,1.731106162071228,5.960942456639646,True,"[29, 30]"
subject23_run8_non_log_preprocessed.csv,VAL,916,1.7683460712432861,6.09009832168918,True,"[29, 30]"
subject23_run8_non_log_preprocessed.csv,VAL,917,2.1001951694488525,7.241021035990717,True,"[29, 30]"
subject23_run8_non_log_preprocessed.csv,VAL,918,2.1877660751342773,7.5447354200595855,True,"[29, 30]"
subject23_run8_non_log_preprocessed.csv,VAL,919,2.0981931686401367,7.234077674633822,True,"[29, 30]"
subject23_run8_non_log_preprocessed.csv,VAL,920,2.042595863342285,7.041254485216514,True,"[29, 30]"
subject23_run8_non_log_preprocessed.csv,VAL,921,2.2639975547790527,7.809122281263704,True,"[29, 30]"
subject23_run8_non_log_preprocessed.csv,VAL,922,2.216587781906128,7.644695182397444,True,"[29, 30]"
subject23_run8_non_log_preprocessed.csv,VAL,923,2.0057942867279053,6.913618849993663,True,"[29, 30]"
subject23_run8_non_log_preprocessed.csv,VAL,924,1.798017978668213,6.193006759339495,True,"[29, 30]"
subject23_run8_non_log_preprocessed.csv,VAL,925,1.9415178298950195,6.6906945311878765,True,"[29, 30]"
subject23_run8_non_log_preprocessed.csv,VAL,926,1.8715317249298096,6.447967947552397,True,"[29, 30]"
subject23_run8_non_log_preprocessed.csv,VAL,927,1.6254788637161255,5.594604691720104,True,"[29, 30]"
subject23_run8_non_log_preprocessed.csv,VAL,928,1.2693049907684326,4.359318524504679,True,"[29, 30]"
subject23_run8_non_log_preprocessed.csv,VAL,929,1.216410517692566,4.175869327706455,True,"[29, 30]"
subject23_run8_non_log_preprocessed.csv,VAL,930,0.9815260171890259,3.3612403040668175,True,"[30, 31]"
subject23_run8_non_log_preprocessed.csv,VAL,957,0.9959638714790344,3.411313830070053,True,"[30, 31]"
subject23_run8_non_log_preprocessed.csv,VAL,958,1.161607265472412,3.9858000819594044,True,"[30, 31]"
subject23_run8_non_log_preprocessed.csv,VAL,959,1.297980546951294,4.4587714057526515,True,"[30, 31]"
subject23_run8_non_log_preprocessed.csv,VAL,960,1.2290509939193726,4.219709167222934,True,"[31, 32]"
subject23_run8_non_log_preprocessed.csv,VAL,961,1.52652907371521,5.251425935161077,True,"[31, 32]"
subject23_run8_non_log_preprocessed.csv,VAL,962,1.5955528020858765,5.490814793642679,True,"[31, 32]"
subject23_run8_non_log_preprocessed.csv,VAL,963,1.5645849704742432,5.383411817388648,True,"[31, 32]"
subject23_run8_non_log_preprocessed.csv,VAL,964,1.394334077835083,4.792945787714095,True,"[31, 32]"
subject23_run8_non_log_preprocessed.csv,VAL,965,1.596238613128662,5.493193331089756,True,"[31, 32]"
subject23_run8_non_log_preprocessed.csv,VAL,966,1.5170307159423828,5.21848362563418,True,"[31, 32]"
subject23_run8_non_log_preprocessed.csv,VAL,967,1.416892409324646,4.871182842593776,True,"[31, 32]"
subject23_run8_non_log_preprocessed.csv,VAL,968,1.265702247619629,4.346823450851702,True,"[31, 32]"
subject23_run8_non_log_preprocessed.csv,VAL,969,1.5278797149658203,5.256110244091268,True,"[31, 32]"
subject23_run8_non_log_preprocessed.csv,VAL,970,1.5685161352157593,5.397045926443449,True,"[31, 32]"
subject23_run8_non_log_preprocessed.csv,VAL,971,1.678756833076477,5.779383934575558,True,"[31, 32]"
subject23_run8_non_log_preprocessed.csv,VAL,972,1.763087511062622,6.071860525084717,True,"[31, 32]"
subject23_run8_non_log_preprocessed.csv,VAL,973,2.236341714859009,7.71320599124158,True,"[31, 32]"
subject23_run8_non_log_preprocessed.csv,VAL,974,2.3662302494049072,8.163686843968232,True,"[31, 32]"
subject23_run8_non_log_preprocessed.csv,VAL,975,2.5185277462005615,8.691886707524299,True,"[31, 32]"
subject23_run8_non_log_preprocessed.csv,VAL,976,2.5290093421936035,8.72823909472606,True,"[31, 32]"
subject23_run8_non_log_preprocessed.csv,VAL,977,2.8053364753723145,9.686599915571797,True,"[31, 32]"
subject23_run8_non_log_preprocessed.csv,VAL,978,2.745652437210083,9.479603074014614,True,"[31, 32]"
subject23_run8_non_log_preprocessed.csv,VAL,979,2.687991142272949,9.279621532892335,True,"[31, 32]"
subject23_run8_non_log_preprocessed.csv,VAL,980,2.486240863800049,8.579908984729,True,"[31, 32]"
subject23_run8_non_log_preprocessed.csv,VAL,981,2.557271957397461,8.826259809501465,True,"[31, 32]"
subject23_run8_non_log_preprocessed.csv,VAL,982,2.306072473526001,7.955046980020176,True,"[31, 32]"
subject23_run8_non_log_preprocessed.csv,VAL,983,2.087456703186035,7.196841346347087,True,"[31, 32]"
subject23_run8_non_log_preprocessed.csv,VAL,984,1.812347650527954,6.242705085841041,True,"[31, 32]"
subject23_run8_non_log_preprocessed.csv,VAL,985,1.8350212574005127,6.321341940079548,True,"[31, 32]"
subject23_run8_non_log_preprocessed.csv,VAL,986,1.5710949897766113,5.405989938366381,True,"[31, 32]"
subject23_run8_non_log_preprocessed.csv,VAL,987,1.258363962173462,4.321372728069295,True,"[31, 32]"
subject23_run8_non_log_preprocessed.csv,VAL,988,0.8944121599197388,3.0591110603720315,True,"[31, 32]"
subject23_run8_non_log_preprocessed.csv,VAL,989,0.9015477895736694,3.083858930093422,True,"[31, 32]"
subject23_run8_non_log_preprocessed.csv,VAL,1041,0.9132102727890015,3.124306883426028,True,"[33, 34]"
subject23_run8_non_log_preprocessed.csv,VAL,1042,0.9011092185974121,3.082337873380786,True,"[33, 34]"
subject23_run8_non_log_preprocessed.csv,VAL,1043,0.8847538828849792,3.0256141170913966,True,"[33, 34]"
subject23_run8_non_log_preprocessed.csv,VAL,1045,1.0219858884811401,3.50156367736996,True,"[33, 34]"
subject23_run8_non_log_preprocessed.csv,VAL,1046,0.9734818339347839,3.3333413786956956,True,"[33, 34]"
subject23_run8_non_log_preprocessed.csv,VAL,1047,0.9697004556655884,3.320226760741581,True,"[33, 34]"
subject23_run8_non_log_preprocessed.csv,VAL,1049,1.086229681968689,3.7243747128000297,True,"[33, 34]"
subject23_run8_non_log_preprocessed.csv,VAL,1050,1.0017317533493042,3.4313180617940438,True,"[34, 35]"
subject23_run8_non_log_preprocessed.csv,VAL,1051,0.9614958167076111,3.291771341123325,True,"[34, 35]"
subject23_run8_non_log_preprocessed.csv,VAL,1053,1.0424065589904785,3.5723868727848416,True,"[34, 35]"
subject23_run8_non_log_preprocessed.csv,VAL,1054,0.9476864337921143,3.2438774864951965,True,"[34, 35]"
subject23_run8_non_log_preprocessed.csv,VAL,1057,0.904158353805542,3.0929129178482544,True,"[34, 35]"
subject23_run8_non_log_preprocessed.csv,VAL,1341,0.922990083694458,3.1582253318217846,True,"[43, 44]"
subject23_run8_non_log_preprocessed.csv,VAL,1342,0.9143437147140503,3.128237899251999,True,"[43, 44]"
subject23_run8_non_log_preprocessed.csv,VAL,1344,0.9381638169288635,3.2108510413224662,True,"[43, 44]"
subject23_run8_non_log_preprocessed.csv,VAL,1345,0.9588586091995239,3.282624948863118,True,"[43, 44]"
subject23_run8_non_log_preprocessed.csv,VAL,1580,0.9557876586914062,3.271974244330846,True,"[51, 52]"
subject23_run8_non_log_preprocessed.csv,VAL,1581,0.9432196617126465,3.2283857781444247,True,"[51, 52]"
subject23_run8_non_log_preprocessed.csv,VAL,1582,0.9191479682922363,3.1449000646708534,True,"[51, 52]"
subject23_run8_non_log_preprocessed.csv,VAL,1584,0.981501579284668,3.361155548256518,True,"[51, 52]"
subject23_run8_non_log_preprocessed.csv,VAL,1585,0.8916205167770386,3.0494290527350314,True,"[51, 52]"
subject23_run8_non_log_preprocessed.csv,VAL,2628,-0.855913519859314,-3.011387829563474,True,"[86, 87]"
subject23_run8_non_log_preprocessed.csv,VAL,2629,-0.9077109098434448,-3.1910321106437323,True,"[86, 87]"
subject23_run8_non_log_preprocessed.csv,VAL,2631,-0.8688681721687317,-3.056317298046018,True,"[86, 87]"
subject23_run8_non_log_preprocessed.csv,VAL,2632,-0.9768297076225281,-3.4307506898995466,True,"[86, 87]"
subject23_run8_non_log_preprocessed.csv,VAL,2633,-1.0007493495941162,-3.513709056855866,True,"[86, 87]"
subject23_run8_non_log_preprocessed.csv,VAL,2635,-0.9264755845069885,-3.2561119629426614,True,"[86, 87]"
subject23_run8_non_log_preprocessed.csv,VAL,2636,-1.0127460956573486,-3.555316304296173,True,"[86, 87]"
subject23_run8_non_log_preprocessed.csv,VAL,2637,-1.0215399265289307,-3.585815165828593,True,"[86, 87]"
subject23_run8_non_log_preprocessed.csv,VAL,2638,-0.8554878234863281,-3.0099114246923606,True,"[86, 87]"
subject23_run8_non_log_preprocessed.csv,VAL,2639,-0.9314428567886353,-3.273339511632657,True,"[86, 87]"
subject23_run8_non_log_preprocessed.csv,VAL,2640,-1.0244580507278442,-3.5959358364642626,True,"[87, 88]"
subject23_run8_non_log_preprocessed.csv,VAL,2641,-1.0333818197250366,-3.626885350841687,True,"[87, 88]"
subject23_run8_non_log_preprocessed.csv,VAL,2642,-0.8578826189041138,-3.018217080658698,True,"[87, 88]"
subject23_run8_non_log_preprocessed.csv,VAL,2643,-0.9397892951965332,-3.3022867216721368,True,"[87, 88]"
subject23_run8_non_log_preprocessed.csv,VAL,2644,-1.0291768312454224,-3.6123015632685584,True,"[87, 88]"
subject23_run8_non_log_preprocessed.csv,VAL,2645,-1.029186725616455,-3.6123358790356552,True,"[87, 88]"
subject23_run8_non_log_preprocessed.csv,VAL,2646,-0.859816312789917,-3.0249235391897327,True,"[87, 88]"
subject23_run8_non_log_preprocessed.csv,VAL,2647,-0.9503006935119629,-3.338742469618165,True,"[87, 88]"
subject23_run8_non_log_preprocessed.csv,VAL,2648,-1.0358108282089233,-3.6353096649424432,True,"[87, 88]"
subject23_run8_non_log_preprocessed.csv,VAL,2649,-1.0325250625610352,-3.6239139361654926,True,"[87, 88]"
subject23_run8_non_log_preprocessed.csv,VAL,2650,-0.8572284579277039,-3.0159483123220325,True,"[87, 88]"
subject23_run8_non_log_preprocessed.csv,VAL,2651,-0.9497779011726379,-3.3369293154422297,True,"[87, 88]"
subject23_run8_non_log_preprocessed.csv,VAL,2652,-1.045090675354004,-3.6674941334923727,True,"[87, 88]"
subject23_run8_non_log_preprocessed.csv,VAL,2653,-1.0400184392929077,-3.6499025482610676,True,"[87, 88]"
subject23_run8_non_log_preprocessed.csv,VAL,2655,-0.9404147863388062,-3.3044560569728176,True,"[87, 88]"
subject23_run8_non_log_preprocessed.csv,VAL,2656,-1.0426065921783447,-3.6588788087362105,True,"[87, 88]"
subject23_run8_non_log_preprocessed.csv,VAL,2657,-1.0394287109375,-3.6478572458535075,True,"[87, 88]"
subject23_run8_non_log_preprocessed.csv,VAL,2658,-0.8652489185333252,-3.0437649625407173,True,"[87, 88]"
subject23_run8_non_log_preprocessed.csv,VAL,2659,-0.9569846391677856,-3.361923803899442,True,"[87, 88]"
subject23_run8_non_log_preprocessed.csv,VAL,2660,-1.0405442714691162,-3.6517262452329184,True,"[87, 88]"
subject23_run8_non_log_preprocessed.csv,VAL,2661,-1.0428699254989624,-3.659792104272556,True,"[87, 88]"
subject23_run8_non_log_preprocessed.csv,VAL,2662,-0.8645734190940857,-3.0414221879111563,True,"[87, 88]"
subject23_run8_non_log_preprocessed.csv,VAL,2663,-0.9491457939147949,-3.334737034056322,True,"[87, 88]"
subject23_run8_non_log_preprocessed.csv,VAL,2664,-1.0481688976287842,-3.678170058046246,True,"[87, 88]"
subject23_run8_non_log_preprocessed.csv,VAL,2665,-1.0400073528289795,-3.6498640980642003,True,"[87, 88]"
subject23_run8_non_log_preprocessed.csv,VAL,2666,-0.868579626083374,-3.0553165593200227,True,"[87, 88]"
subject23_run8_non_log_preprocessed.csv,VAL,2667,-0.9490231275558472,-3.3343116012329177,True,"[87, 88]"
subject23_run8_non_log_preprocessed.csv,VAL,2668,-1.0483314990997314,-3.678733994266968,True,"[87, 88]"
subject23_run8_non_log_preprocessed.csv,VAL,2669,-1.0346953868865967,-3.6314410790060094,True,"[87, 88]"
subject23_run8_non_log_preprocessed.csv,VAL,2670,-0.8682088255882263,-3.0540305449398497,True,"[88, 89]"
subject23_run8_non_log_preprocessed.csv,VAL,2671,-0.9573774337768555,-3.363286098508884,True,"[88, 89]"
subject23_run8_non_log_preprocessed.csv,VAL,2672,-1.0463035106658936,-3.671700502341072,True,"[88, 89]"
subject23_run8_non_log_preprocessed.csv,VAL,2673,-1.0450284481048584,-3.6672783162583427,True,"[88, 89]"
subject23_run8_non_log_preprocessed.csv,VAL,2674,-0.8670975565910339,-3.0501764295076135,True,"[88, 89]"
subject23_run8_non_log_preprocessed.csv,VAL,2675,-0.962696373462677,-3.381733303981233,True,"[88, 89]"
subject23_run8_non_log_preprocessed.csv,VAL,2676,-1.0587525367736816,-3.714876352436378,True,"[88, 89]"
subject23_run8_non_log_preprocessed.csv,VAL,2677,-1.0325982570648193,-3.6241677901534133,True,"[88, 89]"
subject23_run8_non_log_preprocessed.csv,VAL,2678,-0.8625766038894653,-3.0344968113237636,True,"[88, 89]"
subject23_run8_non_log_preprocessed.csv,VAL,2679,-0.9614571332931519,-3.3774353575131135,True,"[88, 89]"
subject23_run8_non_log_preprocessed.csv,VAL,2680,-1.0538749694824219,-3.6979599195866264,True,"[88, 89]"
subject23_run8_non_log_preprocessed.csv,VAL,2681,-1.0334419012069702,-3.62709372610213,True,"[88, 89]"
subject23_run8_non_log_preprocessed.csv,VAL,2682,-0.8688973188400269,-3.0564183848539113,True,"[88, 89]"
subject23_run8_non_log_preprocessed.csv,VAL,2683,-0.9578906297683716,-3.365065970525166,True,"[88, 89]"
subject23_run8_non_log_preprocessed.csv,VAL,2684,-1.0604407787322998,-3.720731531877628,True,"[88, 89]"
subject23_run8_non_log_preprocessed.csv,VAL,2685,-1.0309391021728516,-3.618413490798568,True,"[88, 89]"
subject23_run8_non_log_preprocessed.csv,VAL,2686,-0.8670123815536499,-3.0498810245004977,True,"[88, 89]"
subject23_run8_non_log_preprocessed.csv,VAL,2687,-0.9681838750839233,-3.400765117823158,True,"[88, 89]"
subject23_run8_non_log_preprocessed.csv,VAL,2688,-1.0563037395477295,-3.7063834068014287,True,"[88, 89]"
subject23_run8_non_log_preprocessed.csv,VAL,2689,-1.024549126625061,-3.596251706898743,True,"[88, 89]"
subject23_run8_non_log_preprocessed.csv,VAL,2690,-0.8792970180511475,-3.092486736730426,True,"[88, 89]"
subject23_run8_non_log_preprocessed.csv,VAL,2691,-0.9640697240829468,-3.386496373798556,True,"[88, 89]"
subject23_run8_non_log_preprocessed.csv,VAL,2692,-1.0559827089309692,-3.705270004864182,True,"[88, 89]"
subject23_run8_non_log_preprocessed.csv,VAL,2693,-1.0298757553100586,-3.6147255794431135,True,"[88, 89]"
subject23_run8_non_log_preprocessed.csv,VAL,2694,-0.8662304282188416,-3.047169045292414,True,"[88, 89]"
subject23_run8_non_log_preprocessed.csv,VAL,2695,-0.9639397859573364,-3.386045720953551,True,"[88, 89]"
subject23_run8_non_log_preprocessed.csv,VAL,2696,-1.057261347770691,-3.7097045942362232,True,"[88, 89]"
subject23_run8_non_log_preprocessed.csv,VAL,2697,-1.0228713750839233,-3.590432910439475,True,"[88, 89]"
subject23_run8_non_log_preprocessed.csv,VAL,2698,-0.8664958477020264,-3.048089576080858,True,"[88, 89]"
subject23_run8_non_log_preprocessed.csv,VAL,2699,-0.9599114656448364,-3.372074655872438,True,"[88, 89]"
subject23_run8_non_log_preprocessed.csv,VAL,2700,-1.0495911836624146,-3.683102846205655,True,"[89, 90]"
subject23_run8_non_log_preprocessed.csv,VAL,2701,-1.0103747844696045,-3.547092096596318,True,"[89, 90]"
subject23_run8_non_log_preprocessed.csv,VAL,2702,-0.8658905625343323,-3.045990319364791,True,"[89, 90]"
subject23_run8_non_log_preprocessed.csv,VAL,2703,-0.9488506317138672,-3.333713349245099,True,"[89, 90]"
subject23_run8_non_log_preprocessed.csv,VAL,2704,-1.0522534847259521,-3.6923362682125354,True,"[89, 90]"
subject23_run8_non_log_preprocessed.csv,VAL,2705,-1.0096428394317627,-3.544553556717115,True,"[89, 90]"
subject23_run8_non_log_preprocessed.csv,VAL,2706,-0.8592853546142578,-3.023082064169868,True,"[89, 90]"
subject23_run8_non_log_preprocessed.csv,VAL,2707,-0.9463935494422913,-3.3251916693232433,True,"[89, 90]"
subject23_run8_non_log_preprocessed.csv,VAL,2708,-1.0484485626220703,-3.6791399952704498,True,"[89, 90]"
subject23_run8_non_log_preprocessed.csv,VAL,2709,-0.9996044635772705,-3.5097383505040964,True,"[89, 90]"
subject23_run8_non_log_preprocessed.csv,VAL,2710,-0.856853187084198,-3.0146467938302193,True,"[89, 90]"
subject23_run8_non_log_preprocessed.csv,VAL,2711,-0.9316290616989136,-3.2739853095628386,True,"[89, 90]"
subject23_run8_non_log_preprocessed.csv,VAL,2712,-1.0294957160949707,-3.6134075232322176,True,"[89, 90]"
subject23_run8_non_log_preprocessed.csv,VAL,2713,-0.9740871787071228,-3.4212390207690992,True,"[89, 90]"
subject23_run8_non_log_preprocessed.csv,VAL,2715,-0.8935942649841309,-3.142072606742209,True,"[89, 90]"
subject23_run8_non_log_preprocessed.csv,VAL,2716,-0.9465048313140869,-3.325577618342337,True,"[89, 90]"
subject25_run1_non_log_preprocessed.csv,TRAIN,590,0.9413058161735535,3.221748157869072,True,"[18, 19]"
subject25_run1_non_log_preprocessed.csv,TRAIN,594,0.9836387634277344,3.3685677539494097,True,"[18, 19]"
subject25_run1_non_log_preprocessed.csv,TRAIN,595,0.9033385515213013,3.0900696704949513,True,"[18, 19]"
subject25_run1_non_log_preprocessed.csv,TRAIN,598,1.0676743984222412,3.660021073090322,True,"[18, 19]"
subject25_run1_non_log_preprocessed.csv,TRAIN,599,0.965659499168396,3.3062118707048995,True,"[18, 19]"
subject25_run1_non_log_preprocessed.csv,TRAIN,602,1.12037992477417,3.842814962769892,True,"[19, 20]"
subject25_run1_non_log_preprocessed.csv,TRAIN,603,0.974332869052887,3.3362929481089907,True,"[19, 20]"
subject25_run1_non_log_preprocessed.csv,TRAIN,606,1.0442599058151245,3.578814670749332,True,"[19, 20]"
subject25_run1_non_log_preprocessed.csv,TRAIN,607,0.9005078077316284,3.0802520535614732,True,"[19, 20]"
subject25_run1_non_log_preprocessed.csv,TRAIN,610,0.9940229058265686,3.404582151517417,True,"[19, 20]"
subject25_run1_non_log_preprocessed.csv,TRAIN,614,0.9673742055892944,3.3121588344870587,True,"[19, 20]"
subject25_run1_non_log_preprocessed.csv,TRAIN,618,0.9356474876403809,3.2021238802410075,True,"[19, 20]"
subject25_run1_non_log_preprocessed.csv,TRAIN,622,0.9295977354049683,3.181142062597737,True,"[19, 20]"
subject25_run1_non_log_preprocessed.csv,TRAIN,778,0.8822668194770813,3.016988456260808,True,"[24, 25]"
subject25_run1_non_log_preprocessed.csv,TRAIN,782,0.8778246641159058,3.0015821238848006,True,"[25, 26]"
subject25_run1_non_log_preprocessed.csv,TRAIN,786,0.9259300827980042,3.1684218692437462,True,"[25, 26]"
subject25_run1_non_log_preprocessed.csv,TRAIN,790,0.9123826026916504,3.1214363488362387,True,"[25, 26]"
subject25_run1_non_log_preprocessed.csv,TRAIN,794,0.8834184408187866,3.0209825221407822,True,"[25, 26]"
subject25_run1_non_log_preprocessed.csv,TRAIN,798,0.8847470879554749,3.0255905508417036,True,"[25, 26]"
subject25_run1_non_log_preprocessed.csv,TRAIN,802,0.8894163966178894,3.041784698810516,True,"[25, 26]"
subject25_run2_non_log_preprocessed.csv,TEST,696,0.9163240790367126,3.1351062207085567,True,"[22, 23]"
subject25_run2_non_log_preprocessed.csv,TEST,697,0.9142646789550781,3.1279637865582024,True,"[22, 23]"
subject25_run2_non_log_preprocessed.csv,TEST,700,1.1399273872375488,3.9106096883777437,True,"[22, 23]"
subject25_run2_non_log_preprocessed.csv,TEST,701,1.027625322341919,3.521122424286159,True,"[22, 23]"
subject25_run2_non_log_preprocessed.csv,TEST,702,0.9108637571334839,3.1161686718654034,True,"[22, 23]"
subject25_run2_non_log_preprocessed.csv,TEST,704,1.0776687860488892,3.6946837188448027,True,"[22, 23]"
subject25_run2_non_log_preprocessed.csv,TEST,705,0.9303693771362305,3.183818278988304,True,"[22, 23]"
subject25_run2_non_log_preprocessed.csv,TEST,708,0.9724564552307129,3.3297851489284374,True,"[22, 23]"
subject25_run3_non_log_preprocessed.csv,TRAIN,428,0.9318350553512573,3.1889015603913666,True,"[13, 14]"
subject25_run3_non_log_preprocessed.csv,TRAIN,431,0.92235267162323,3.156014652223397,True,"[13, 14]"
subject25_run3_non_log_preprocessed.csv,TRAIN,432,1.0213640928268433,3.4994071588015685,True,"[13, 14]"
subject25_run4_non_log_preprocessed.csv,TRAIN,131,0.9099850058555603,3.11312097695994,True,"[3, 4]"
subject25_run4_non_log_preprocessed.csv,TRAIN,135,0.8895655274391174,3.042301915974829,True,"[3, 4]"
subject25_run4_non_log_preprocessed.csv,TRAIN,175,0.9965260028839111,3.4132634204284216,True,"[4, 5]"
subject25_run4_non_log_preprocessed.csv,TRAIN,176,0.9337641000747681,3.1955918946462956,True,"[4, 5]"
subject25_run4_non_log_preprocessed.csv,TRAIN,177,0.8948878645896912,3.060760904572025,True,"[4, 5]"
subject25_run4_non_log_preprocessed.csv,TRAIN,178,0.8874256014823914,3.0348802010934652,True,"[4, 5]"
subject25_run4_non_log_preprocessed.csv,TRAIN,179,1.2105321884155273,4.15548204106421,True,"[4, 5]"
subject25_run4_non_log_preprocessed.csv,TRAIN,180,1.0886421203613281,3.732741558326973,True,"[5, 6]"
subject25_run4_non_log_preprocessed.csv,TRAIN,181,0.9691988229751587,3.3184869926940754,True,"[5, 6]"
subject25_run4_non_log_preprocessed.csv,TRAIN,183,1.1092422008514404,3.8041869854223433,True,"[5, 6]"
subject25_run4_non_log_preprocessed.csv,TRAIN,184,0.896090030670166,3.0649302702742762,True,"[5, 6]"
subject25_run4_non_log_preprocessed.csv,TRAIN,1961,0.9310426712036133,3.1861534049227895,True,"[64, 65]"
subject25_run4_non_log_preprocessed.csv,TRAIN,1965,0.9625570178031921,3.2954518105051926,True,"[64, 65]"
subject25_run4_non_log_preprocessed.csv,TRAIN,2089,0.8894058465957642,3.0417481091070453,True,"[68, 69]"
subject25_run6_non_log_preprocessed.csv,TRAIN,734,0.8935577869415283,3.0561479145553783,True,"[23, 24]"
subject25_run6_non_log_preprocessed.csv,TRAIN,935,0.9349257349967957,3.1996206897363435,True,"[30, 31]"
subject25_run6_non_log_preprocessed.csv,TRAIN,938,0.9521580934524536,3.2593861460080285,True,"[30, 31]"
subject25_run6_non_log_preprocessed.csv,TRAIN,939,0.9286525845527649,3.177864079954046,True,"[30, 31]"
subject26_run5_non_log_preprocessed.csv,TEST,599,0.8863364458084106,3.031102779333475,True,"[18, 19]"
subject26_run5_non_log_preprocessed.csv,TEST,600,1.0127216577529907,3.4694333698500266,True,"[19, 20]"
subject26_run5_non_log_preprocessed.csv,TEST,601,0.9548518657684326,3.268728716960855,True,"[19, 20]"
subject26_run5_non_log_preprocessed.csv,TEST,602,1.3026624917984009,4.475009378677033,True,"[19, 20]"
subject26_run5_non_log_preprocessed.csv,TEST,603,1.652127742767334,5.687028628914928,True,"[19, 20]"
subject26_run5_non_log_preprocessed.csv,TEST,604,1.8967598676681519,6.535464471346514,True,"[19, 20]"
subject26_run5_non_log_preprocessed.csv,TEST,605,2.075504779815674,7.155389553466158,True,"[19, 20]"
subject26_run5_non_log_preprocessed.csv,TEST,606,2.2552146911621094,7.7786614564851755,True,"[19, 20]"
subject26_run5_non_log_preprocessed.csv,TEST,607,2.4029147624969482,8.290916478187603,True,"[19, 20]"
subject26_run5_non_log_preprocessed.csv,TEST,608,2.36863374710083,8.172022681271896,True,"[19, 20]"
subject26_run5_non_log_preprocessed.csv,TEST,609,2.264575719833374,7.811127479702488,True,"[19, 20]"
subject26_run5_non_log_preprocessed.csv,TEST,610,2.299480676651001,7.932185237160174,True,"[19, 20]"
subject26_run5_non_log_preprocessed.csv,TEST,611,2.402597665786743,8.289816719868599,True,"[19, 20]"
subject26_run5_non_log_preprocessed.csv,TEST,612,2.335268020629883,8.056303299534123,True,"[19, 20]"
subject26_run5_non_log_preprocessed.csv,TEST,613,2.1993086338043213,7.584767449757259,True,"[19, 20]"
subject26_run5_non_log_preprocessed.csv,TEST,614,2.1698801517486572,7.48270326266612,True,"[19, 20]"
subject26_run5_non_log_preprocessed.csv,TEST,615,2.240997076034546,7.7293517663820746,True,"[19, 20]"
subject26_run5_non_log_preprocessed.csv,TEST,616,2.1232125759124756,7.32085025977509,True,"[19, 20]"
subject26_run5_non_log_preprocessed.csv,TEST,617,1.974915623664856,6.80652512908648,True,"[19, 20]"
subject26_run5_non_log_preprocessed.csv,TEST,618,1.9737473726272583,6.8024733879112045,True,"[19, 20]"
subject26_run5_non_log_preprocessed.csv,TEST,619,2.0458617210388184,7.052581169016294,True,"[19, 20]"
subject26_run5_non_log_preprocessed.csv,TEST,620,1.9440430402755737,6.699452493771127,True,"[19, 20]"
subject26_run5_non_log_preprocessed.csv,TEST,621,1.783082127571106,6.141206075299554,True,"[19, 20]"
subject26_run5_non_log_preprocessed.csv,TEST,622,1.8143590688705444,6.249681109193125,True,"[19, 20]"
subject26_run5_non_log_preprocessed.csv,TEST,623,1.9210739135742188,6.619790714392466,True,"[19, 20]"
subject26_run5_non_log_preprocessed.csv,TEST,624,1.8272855281829834,6.294512798411592,True,"[19, 20]"
subject26_run5_non_log_preprocessed.csv,TEST,625,1.689241886138916,5.815748311623655,True,"[19, 20]"
subject26_run5_non_log_preprocessed.csv,TEST,626,1.7273807525634766,5.948021950163266,True,"[19, 20]"
subject26_run5_non_log_preprocessed.csv,TEST,627,1.8855335712432861,6.4965293058670035,True,"[19, 20]"
subject26_run5_non_log_preprocessed.csv,TEST,628,1.776792287826538,6.119391583500467,True,"[19, 20]"
subject26_run5_non_log_preprocessed.csv,TEST,629,1.6070290803909302,5.530616949045103,True,"[19, 20]"
subject26_run5_non_log_preprocessed.csv,TEST,630,1.6741695404052734,5.76347423537497,True,"[20, 21]"
subject26_run5_non_log_preprocessed.csv,TEST,631,1.8037029504776,6.212723441472934,True,"[20, 21]"
subject26_run5_non_log_preprocessed.csv,TEST,632,1.682919979095459,5.793822603663736,True,"[20, 21]"
subject26_run5_non_log_preprocessed.csv,TEST,633,1.499777913093567,5.158647263891928,True,"[20, 21]"
subject26_run5_non_log_preprocessed.csv,TEST,634,1.5083446502685547,5.1883585165530315,True,"[20, 21]"
subject26_run5_non_log_preprocessed.csv,TEST,635,1.6068114042282104,5.529862002168975,True,"[20, 21]"
subject26_run5_non_log_preprocessed.csv,TEST,636,1.4979010820388794,5.152138017660955,True,"[20, 21]"
subject26_run5_non_log_preprocessed.csv,TEST,637,1.3214541673660278,4.5401828758102685,True,"[20, 21]"
subject26_run5_non_log_preprocessed.csv,TEST,638,1.3926620483398438,4.787146836517726,True,"[20, 21]"
subject26_run5_non_log_preprocessed.csv,TEST,639,1.5919902324676514,5.478459050272974,True,"[20, 21]"
subject26_run5_non_log_preprocessed.csv,TEST,640,1.4871360063552856,5.114802463059724,True,"[20, 21]"
subject26_run5_non_log_preprocessed.csv,TEST,641,1.3193596601486206,4.532918682703167,True,"[20, 21]"
subject26_run5_non_log_preprocessed.csv,TEST,642,1.3822671175003052,4.751095022360294,True,"[20, 21]"
subject26_run5_non_log_preprocessed.csv,TEST,643,1.517871379852295,5.2213992255084705,True,"[20, 21]"
subject26_run5_non_log_preprocessed.csv,TEST,644,1.3567464351654053,4.662583909500451,True,"[20, 21]"
subject26_run5_non_log_preprocessed.csv,TEST,645,1.1231757402420044,3.852511440911089,True,"[20, 21]"
subject26_run5_non_log_preprocessed.csv,TEST,646,1.0962437391281128,3.759105576645726,True,"[20, 21]"
subject26_run5_non_log_preprocessed.csv,TEST,647,1.2159032821655273,4.174110127839027,True,"[20, 21]"
subject26_run5_non_log_preprocessed.csv,TEST,648,1.1256918907165527,3.8612379818280824,True,"[20, 21]"
subject26_run5_non_log_preprocessed.csv,TEST,649,0.9378376007080078,3.2097196546157174,True,"[20, 21]"
subject26_run5_non_log_preprocessed.csv,TEST,650,0.9283690452575684,3.1768807058330877,True,"[20, 21]"
subject26_run5_non_log_preprocessed.csv,TEST,651,1.1071879863739014,3.797062536041492,True,"[20, 21]"
subject26_run5_non_log_preprocessed.csv,TEST,652,0.9676729440689087,3.313194922587593,True,"[20, 21]"
subject26_run5_non_log_preprocessed.csv,TEST,655,0.8902091979980469,3.0445343013295125,True,"[20, 21]"
subject26_run5_non_log_preprocessed.csv,TEST,675,0.946073055267334,3.238281949243546,True,"[21, 22]"
subject26_run5_non_log_preprocessed.csv,TEST,679,0.9576677083969116,3.2784946535221997,True,"[21, 22]"
subject26_run5_non_log_preprocessed.csv,TEST,683,0.923446536064148,3.159808404980981,True,"[21, 22]"
subject26_run5_non_log_preprocessed.csv,TEST,739,0.9100122451782227,3.1132154486802004,True,"[23, 24]"
subject26_run5_non_log_preprocessed.csv,TEST,743,0.9632793068885803,3.297956861503253,True,"[23, 24]"
subject26_run5_non_log_preprocessed.csv,TEST,747,0.9096029996871948,3.111796098939923,True,"[23, 24]"
subject26_run5_non_log_preprocessed.csv,TEST,751,0.8831167817115784,3.019936304687309,True,"[24, 25]"
subject26_run5_non_log_preprocessed.csv,TEST,887,0.9252758622169495,3.166152894185592,True,"[28, 29]"
subject26_run5_non_log_preprocessed.csv,TEST,891,1.056672215461731,3.621863180407701,True,"[28, 29]"
subject26_run5_non_log_preprocessed.csv,TEST,892,0.9753342270851135,3.3397658691163694,True,"[28, 29]"
subject26_run5_non_log_preprocessed.csv,TEST,894,0.9083825349807739,3.1075632697406914,True,"[28, 29]"
subject26_run5_non_log_preprocessed.csv,TEST,895,1.05794358253479,3.6262725497581414,True,"[28, 29]"
subject26_run5_non_log_preprocessed.csv,TEST,896,0.943953275680542,3.2309301062253066,True,"[28, 29]"
subject26_run5_non_log_preprocessed.csv,TEST,898,0.913192093372345,3.124243833372025,True,"[28, 29]"
subject26_run5_non_log_preprocessed.csv,TEST,899,1.0848032236099243,3.719427454136423,True,"[28, 29]"
subject26_run5_non_log_preprocessed.csv,TEST,900,0.9754407405853271,3.340135280416381,True,"[29, 30]"
subject26_run5_non_log_preprocessed.csv,TEST,902,0.9230018258094788,3.1582660559550257,True,"[29, 30]"
subject26_run5_non_log_preprocessed.csv,TEST,903,1.0416854619979858,3.569885956216552,True,"[29, 30]"
subject26_run5_non_log_preprocessed.csv,TEST,907,0.9074420928955078,3.1043016180945946,True,"[29, 30]"
subject26_run5_non_log_preprocessed.csv,TEST,911,0.9161811470985413,3.1346105025790507,True,"[29, 30]"
subject26_run5_non_log_preprocessed.csv,TEST,915,0.9928614497184753,3.4005539765918344,True,"[29, 30]"
subject26_run5_non_log_preprocessed.csv,TEST,916,0.9100160598754883,3.1132286788554664,True,"[29, 30]"
subject26_run5_non_log_preprocessed.csv,TEST,918,0.8963294625282288,3.0657606704937193,True,"[29, 30]"
subject26_run5_non_log_preprocessed.csv,TEST,919,1.0643434524536133,3.648468649425063,True,"[29, 30]"
subject26_run5_non_log_preprocessed.csv,TEST,920,1.014204978942871,3.474577840813695,True,"[29, 30]"
subject26_run5_non_log_preprocessed.csv,TEST,922,0.9747985601425171,3.3379080630989106,True,"[29, 30]"
subject26_run5_non_log_preprocessed.csv,TEST,923,1.0946264266967773,3.7534963957758323,True,"[29, 30]"
subject26_run5_non_log_preprocessed.csv,TEST,924,1.0174754858016968,3.485920648889581,True,"[29, 30]"
subject26_run5_non_log_preprocessed.csv,TEST,926,0.9477721452713013,3.2441747519957094,True,"[29, 30]"
subject26_run5_non_log_preprocessed.csv,TEST,927,1.0718414783477783,3.6744733857967433,True,"[29, 30]"
subject26_run5_non_log_preprocessed.csv,TEST,928,0.9713630080223083,3.325992843221273,True,"[29, 30]"
subject26_run5_non_log_preprocessed.csv,TEST,930,0.9048495292663574,3.0953100602292998,True,"[30, 31]"
subject26_run5_non_log_preprocessed.csv,TEST,931,1.0281697511672974,3.5230106183624326,True,"[30, 31]"
subject26_run5_non_log_preprocessed.csv,TEST,932,0.8992244005203247,3.075800926470349,True,"[30, 31]"
subject26_run5_non_log_preprocessed.csv,TEST,935,0.9490085244178772,3.2484627758323796,True,"[30, 31]"
subject26_run5_non_log_preprocessed.csv,TEST,991,1.0592519044876099,3.6308100864314725,True,"[32, 33]"
subject26_run5_non_log_preprocessed.csv,TEST,992,0.9920385479927063,3.397699979721128,True,"[32, 33]"
subject26_run5_non_log_preprocessed.csv,TEST,993,0.9259218573570251,3.1683933416783288,True,"[32, 33]"
subject26_run5_non_log_preprocessed.csv,TEST,994,1.1386033296585083,3.9060175772314394,True,"[32, 33]"
subject26_run5_non_log_preprocessed.csv,TEST,995,1.2623207569122314,4.335095727364166,True,"[32, 33]"
subject26_run5_non_log_preprocessed.csv,TEST,996,1.1561098098754883,3.9667337456288942,True,"[32, 33]"
subject26_run5_non_log_preprocessed.csv,TEST,997,1.0549695491790771,3.615957974366226,True,"[32, 33]"
subject26_run5_non_log_preprocessed.csv,TEST,998,1.2473037242889404,4.283013488656841,True,"[32, 33]"
subject26_run5_non_log_preprocessed.csv,TEST,999,1.3282023668289185,4.563587055856185,True,"[32, 33]"
subject26_run5_non_log_preprocessed.csv,TEST,1000,1.2427465915679932,4.267208390529451,True,"[32, 33]"
subject26_run5_non_log_preprocessed.csv,TEST,1001,1.1075396537780762,3.7982821928238453,True,"[32, 33]"
subject26_run5_non_log_preprocessed.csv,TEST,1002,1.238967776298523,4.254102661599343,True,"[32, 33]"
subject26_run5_non_log_preprocessed.csv,TEST,1003,1.278551459312439,4.39138722902103,True,"[32, 33]"
subject26_run5_non_log_preprocessed.csv,TEST,1004,1.1370656490325928,3.9006845762702276,True,"[32, 33]"
subject26_run5_non_log_preprocessed.csv,TEST,1005,0.9371181130409241,3.2072243195276178,True,"[32, 33]"
subject26_run5_non_log_preprocessed.csv,TEST,1006,1.0832397937774658,3.714005149492164,True,"[32, 33]"
subject26_run5_non_log_preprocessed.csv,TEST,1007,1.1262691020965576,3.8632398727230504,True,"[32, 33]"
subject26_run5_non_log_preprocessed.csv,TEST,1008,0.9611203670501709,3.2904692024670465,True,"[32, 33]"
subject26_run5_non_log_preprocessed.csv,TEST,1010,0.8960545063018799,3.06480706426711,True,"[32, 33]"
subject26_run5_non_log_preprocessed.csv,TEST,1011,0.9230164885520935,3.158316909441205,True,"[32, 33]"
subject26_run5_non_log_preprocessed.csv,TEST,1214,1.116692304611206,3.830025517717242,True,[]
subject26_run5_non_log_preprocessed.csv,TEST,1215,1.1659868955612183,4.000989563493939,True,[]
subject26_run5_non_log_preprocessed.csv,TEST,1216,1.1928009986877441,4.093986532654981,True,[]
subject26_run5_non_log_preprocessed.csv,TEST,1217,1.1463558673858643,3.9329050143591617,True,[]
subject26_run5_non_log_preprocessed.csv,TEST,1218,1.5108050107955933,5.196891566156756,True,[]
subject26_run5_non_log_preprocessed.csv,TEST,1219,1.591139316558838,5.475507894302656,True,[]
subject26_run5_non_log_preprocessed.csv,TEST,1220,1.6451666355133057,5.662886039711966,True,[]
subject26_run5_non_log_preprocessed.csv,TEST,1221,1.5788373947143555,5.432842232841053,True,[]
subject26_run5_non_log_preprocessed.csv,TEST,1222,1.9348629713058472,6.667614076993004,True,[]
subject26_run5_non_log_preprocessed.csv,TEST,1223,2.026057243347168,6.983895060349882,True,[]
subject26_run5_non_log_preprocessed.csv,TEST,1224,2.0491995811462402,7.064157572374224,True,[]
subject26_run5_non_log_preprocessed.csv,TEST,1225,1.9874317646026611,6.849933747577876,True,[]
subject26_run5_non_log_preprocessed.csv,TEST,1226,2.289642810821533,7.898065442034585,True,[]
subject26_run6_non_log_preprocessed.csv,TRAIN,349,0.967782735824585,3.313575703569474,True,"[10, 11]"
subject26_run6_non_log_preprocessed.csv,TRAIN,350,0.8815822005271912,3.014614053243501,True,"[10, 11]"
subject26_run6_non_log_preprocessed.csv,TRAIN,353,0.9019632935523987,3.085299985589996,True,"[10, 11]"
subject26_run6_non_log_preprocessed.csv,TRAIN,361,0.9066135883331299,3.1014281894039657,True,"[11, 12]"
subject26_run6_non_log_preprocessed.csv,TRAIN,362,0.8892205357551575,3.0411054119991916,True,"[11, 12]"
subject26_run6_non_log_preprocessed.csv,TRAIN,365,0.9521744251251221,3.259442787695887,True,"[11, 12]"
subject26_run6_non_log_preprocessed.csv,TRAIN,417,0.9314619302749634,3.187607483873141,True,"[12, 13]"
subject26_run6_non_log_preprocessed.csv,TRAIN,418,0.8987228870391846,3.0740615718658204,True,"[12, 13]"
subject26_run6_non_log_preprocessed.csv,TRAIN,421,0.9683650732040405,3.3155953725124556,True,"[13, 14]"
subject26_run6_non_log_preprocessed.csv,TRAIN,422,0.8824374079704285,3.0175800931609937,True,"[13, 14]"
subject26_run6_non_log_preprocessed.csv,TRAIN,425,0.9635220766067505,3.298798838126054,True,"[13, 14]"
subject26_run6_non_log_preprocessed.csv,TRAIN,426,0.9019343256950378,3.085199518946568,True,"[13, 14]"
subject26_run6_non_log_preprocessed.csv,TRAIN,429,1.00970458984375,3.4589695415433894,True,"[13, 14]"
subject26_run6_non_log_preprocessed.csv,TRAIN,430,0.9187248349189758,3.143432548823747,True,"[13, 14]"
subject28_run5_non_log_preprocessed.csv,TRAIN,619,0.9013241529464722,3.083083311068441,True,"[19, 20]"
subject28_run5_non_log_preprocessed.csv,TRAIN,620,0.9529277086257935,3.2620553338679854,True,"[19, 20]"
subject28_run5_non_log_preprocessed.csv,TRAIN,621,0.9611821174621582,3.2906833659291683,True,"[19, 20]"
subject28_run5_non_log_preprocessed.csv,TRAIN,622,0.9620950222015381,3.293849512247562,True,"[19, 20]"
subject28_run5_non_log_preprocessed.csv,TRAIN,623,0.9502872228622437,3.2528975719259092,True,"[19, 20]"
subject28_run5_non_log_preprocessed.csv,TRAIN,624,0.9202383756637573,3.1486818275821027,True,"[19, 20]"
subject28_run5_non_log_preprocessed.csv,TRAIN,671,0.8948312997817993,3.0605647258794058,True,"[21, 22]"
subject28_run5_non_log_preprocessed.csv,TRAIN,672,0.9170627593994141,3.137668120115964,True,"[21, 22]"
subject28_run5_non_log_preprocessed.csv,TRAIN,673,0.9144136309623718,3.12848038355805,True,"[21, 22]"
subject28_run5_non_log_preprocessed.csv,TRAIN,674,0.8993514180183411,3.076241449962416,True,"[21, 22]"
subject28_run5_non_log_preprocessed.csv,TRAIN,679,0.8865237832069397,3.031752504971939,True,"[21, 22]"
subject28_run5_non_log_preprocessed.csv,TRAIN,680,0.9160091876983643,3.134014111084629,True,"[21, 22]"
subject28_run5_non_log_preprocessed.csv,TRAIN,681,0.9359415769577026,3.2031438440654365,True,"[21, 22]"
subject28_run5_non_log_preprocessed.csv,TRAIN,682,0.9596184492111206,3.2852602343989554,True,"[21, 22]"
subject28_run5_non_log_preprocessed.csv,TRAIN,683,1.0014714002609253,3.4304151023321254,True,"[21, 22]"
subject28_run5_non_log_preprocessed.csv,TRAIN,684,1.0008881092071533,3.428392125845327,True,"[21, 22]"
subject28_run5_non_log_preprocessed.csv,TRAIN,685,1.0031262636184692,3.436154517739796,True,"[21, 22]"
subject28_run5_non_log_preprocessed.csv,TRAIN,686,1.0095797777175903,3.4585366667463986,True,"[21, 22]"
subject28_run5_non_log_preprocessed.csv,TRAIN,687,1.0061333179473877,3.4465836168363593,True,"[21, 22]"
subject28_run5_non_log_preprocessed.csv,TRAIN,688,0.9950580596923828,3.4081722836087947,True,"[21, 22]"
subject28_run5_non_log_preprocessed.csv,TRAIN,689,1.020288348197937,3.4956762493764986,True,"[21, 22]"
subject28_run5_non_log_preprocessed.csv,TRAIN,690,1.0211882591247559,3.498797330410392,True,"[22, 23]"
subject28_run5_non_log_preprocessed.csv,TRAIN,691,1.0513173341751099,3.603291321877766,True,"[22, 23]"
subject28_run5_non_log_preprocessed.csv,TRAIN,692,1.1034655570983887,3.784152365639538,True,"[22, 23]"
subject28_run5_non_log_preprocessed.csv,TRAIN,693,1.125889539718628,3.861923470284063,True,"[22, 23]"
subject28_run5_non_log_preprocessed.csv,TRAIN,694,1.1543712615966797,3.960704093251321,True,"[22, 23]"
subject28_run5_non_log_preprocessed.csv,TRAIN,695,1.1691362857818604,4.011912313505123,True,"[22, 23]"
subject28_run5_non_log_preprocessed.csv,TRAIN,696,1.1761808395385742,4.036344312792033,True,"[22, 23]"
subject28_run5_non_log_preprocessed.csv,TRAIN,697,1.1877143383026123,4.07634492082345,True,"[22, 23]"
subject28_run5_non_log_preprocessed.csv,TRAIN,698,1.187958002090454,4.077189998268579,True,"[22, 23]"
subject28_run5_non_log_preprocessed.csv,TRAIN,699,1.1948027610778809,4.1009290671259215,True,"[22, 23]"
subject28_run5_non_log_preprocessed.csv,TRAIN,700,1.1926156282424927,4.093343628825639,True,"[22, 23]"
subject28_run5_non_log_preprocessed.csv,TRAIN,701,1.185614824295044,4.0690633631113124,True,"[22, 23]"
subject28_run5_non_log_preprocessed.csv,TRAIN,702,1.1596014499664307,3.9788434904272427,True,"[22, 23]"
subject28_run5_non_log_preprocessed.csv,TRAIN,703,1.1402148008346558,3.911606499395457,True,"[22, 23]"
subject28_run5_non_log_preprocessed.csv,TRAIN,704,1.1233826875686646,3.8532291779192804,True,"[22, 23]"
subject28_run5_non_log_preprocessed.csv,TRAIN,705,1.1005477905273438,3.7740329353327993,True,"[22, 23]"
subject28_run5_non_log_preprocessed.csv,TRAIN,706,1.0797420740127563,3.7018743191019854,True,"[22, 23]"
subject28_run5_non_log_preprocessed.csv,TRAIN,707,1.0596630573272705,3.632236051259383,True,"[22, 23]"
subject28_run5_non_log_preprocessed.csv,TRAIN,708,1.028857946395874,3.525397424669052,True,"[22, 23]"
subject28_run5_non_log_preprocessed.csv,TRAIN,709,0.9828788042068481,3.3659320549705956,True,"[22, 23]"
subject28_run5_non_log_preprocessed.csv,TRAIN,710,0.9551165103912354,3.2696465603699476,True,"[22, 23]"
subject28_run5_non_log_preprocessed.csv,TRAIN,711,0.9343388080596924,3.197585103238745,True,"[22, 23]"
subject28_run5_non_log_preprocessed.csv,TRAIN,712,0.8946752548217773,3.0600235290224225,True,"[22, 23]"
subject28_run5_non_log_preprocessed.csv,TRAIN,1071,0.9050641059875488,3.096054257588024,True,"[34, 35]"
subject28_run5_non_log_preprocessed.csv,TRAIN,1072,0.9407150149345398,3.2196991344747183,True,"[34, 35]"
subject28_run5_non_log_preprocessed.csv,TRAIN,1073,1.0033142566680908,3.4368065173146336,True,"[34, 35]"
subject28_run5_non_log_preprocessed.csv,TRAIN,1074,1.0650768280029297,3.651012150619991,True,"[34, 35]"
subject28_run5_non_log_preprocessed.csv,TRAIN,1075,1.1290322542190552,3.8728230674885307,True,"[34, 35]"
subject28_run5_non_log_preprocessed.csv,TRAIN,1076,1.1634817123413086,3.9923010593308357,True,"[34, 35]"
subject28_run5_non_log_preprocessed.csv,TRAIN,1077,1.2171787023544312,4.178533554250688,True,"[34, 35]"
subject28_run5_non_log_preprocessed.csv,TRAIN,1078,1.2444895505905151,4.273253340297175,True,"[34, 35]"
subject28_run5_non_log_preprocessed.csv,TRAIN,1079,1.2436975240707397,4.270506425157529,True,"[34, 35]"
subject28_run5_non_log_preprocessed.csv,TRAIN,1080,1.2551600933074951,4.31026103461759,True,"[35, 36]"
subject28_run5_non_log_preprocessed.csv,TRAIN,1081,1.2697043418884277,4.36070355847786,True,"[35, 36]"
subject28_run5_non_log_preprocessed.csv,TRAIN,1082,1.2968817949295044,4.4549607018330075,True,"[35, 36]"
subject28_run5_non_log_preprocessed.csv,TRAIN,1083,1.3449867963790894,4.621799000141533,True,"[35, 36]"
subject28_run5_non_log_preprocessed.csv,TRAIN,1084,1.3320322036743164,4.576869738380478,True,"[35, 36]"
subject28_run5_non_log_preprocessed.csv,TRAIN,1085,1.3545825481414795,4.655079092580696,True,"[35, 36]"
subject28_run5_non_log_preprocessed.csv,TRAIN,1086,1.3854954242706299,4.762291471622298,True,"[35, 36]"
subject28_run5_non_log_preprocessed.csv,TRAIN,1087,1.4030354022979736,4.823123817496309,True,"[35, 36]"
subject28_run5_non_log_preprocessed.csv,TRAIN,1088,1.43840491771698,4.945792762235632,True,"[35, 36]"
subject28_run5_non_log_preprocessed.csv,TRAIN,1089,1.4519002437591553,4.992597401340673,True,"[35, 36]"
subject28_run5_non_log_preprocessed.csv,TRAIN,1090,1.4478687047958374,4.978615173299179,True,"[35, 36]"
subject28_run5_non_log_preprocessed.csv,TRAIN,1091,1.4656462669372559,5.040271511026488,True,"[35, 36]"
subject28_run5_non_log_preprocessed.csv,TRAIN,1092,1.4781861305236816,5.083762404670321,True,"[35, 36]"
subject28_run5_non_log_preprocessed.csv,TRAIN,1093,1.4854421615600586,5.108927851798552,True,"[35, 36]"
subject28_run5_non_log_preprocessed.csv,TRAIN,1094,1.5010465383529663,5.163047124053895,True,"[35, 36]"
subject28_run5_non_log_preprocessed.csv,TRAIN,1095,1.5198965072631836,5.228422794802917,True,"[35, 36]"
subject28_run5_non_log_preprocessed.csv,TRAIN,1096,1.5243782997131348,5.2439665969688,True,"[35, 36]"
subject28_run5_non_log_preprocessed.csv,TRAIN,1097,1.5075706243515015,5.185674031302923,True,"[35, 36]"
subject28_run5_non_log_preprocessed.csv,TRAIN,1098,1.4878919124603271,5.117424104977318,True,"[35, 36]"
subject28_run5_non_log_preprocessed.csv,TRAIN,1099,1.457379698753357,5.011601307781644,True,"[35, 36]"
subject28_run5_non_log_preprocessed.csv,TRAIN,1100,1.4570109844207764,5.01032252865357,True,"[35, 36]"
subject28_run5_non_log_preprocessed.csv,TRAIN,1101,1.45559823513031,5.005422815932327,True,"[35, 36]"
subject28_run5_non_log_preprocessed.csv,TRAIN,1102,1.4376709461212158,4.943247193825819,True,"[35, 36]"
subject28_run5_non_log_preprocessed.csv,TRAIN,1103,1.4184601306915283,4.876620031185209,True,"[35, 36]"
subject28_run5_non_log_preprocessed.csv,TRAIN,1104,1.4261152744293213,4.903169685400667,True,"[35, 36]"
subject28_run5_non_log_preprocessed.csv,TRAIN,1105,1.417240858078003,4.872391336415749,True,"[35, 36]"
subject28_run5_non_log_preprocessed.csv,TRAIN,1106,1.4151835441589355,4.865256137517493,True,"[35, 36]"
subject28_run5_non_log_preprocessed.csv,TRAIN,1107,1.4072867631912231,4.837868434387517,True,"[35, 36]"
subject28_run5_non_log_preprocessed.csv,TRAIN,1108,1.4025754928588867,4.821528754490777,True,"[35, 36]"
subject28_run5_non_log_preprocessed.csv,TRAIN,1109,1.382785439491272,4.75289267242459,True,"[35, 36]"
subject28_run5_non_log_preprocessed.csv,TRAIN,1110,1.3823564052581787,4.751404691150119,True,"[36, 37]"
subject28_run5_non_log_preprocessed.csv,TRAIN,1111,1.373866319656372,4.7219592823232714,True,"[36, 37]"
subject28_run5_non_log_preprocessed.csv,TRAIN,1112,1.3582168817520142,4.667683728622595,True,"[36, 37]"
subject28_run5_non_log_preprocessed.csv,TRAIN,1113,1.3509771823883057,4.642574923182224,True,"[36, 37]"
subject28_run5_non_log_preprocessed.csv,TRAIN,1114,1.3331942558288574,4.580899980520946,True,"[36, 37]"
subject28_run5_non_log_preprocessed.csv,TRAIN,1115,1.3182061910629272,4.528918208457049,True,"[36, 37]"
subject28_run5_non_log_preprocessed.csv,TRAIN,1116,1.329324722290039,4.567479621485289,True,"[36, 37]"
subject28_run5_non_log_preprocessed.csv,TRAIN,1117,1.3251330852508545,4.552942139525592,True,"[36, 37]"
subject28_run5_non_log_preprocessed.csv,TRAIN,1118,1.3357264995574951,4.589682336239844,True,"[36, 37]"
subject28_run5_non_log_preprocessed.csv,TRAIN,1119,1.3333032131195068,4.581277867401987,True,"[36, 37]"
subject28_run5_non_log_preprocessed.csv,TRAIN,1120,1.3409881591796875,4.607930882361711,True,"[36, 37]"
subject28_run5_non_log_preprocessed.csv,TRAIN,1121,1.3514866828918457,4.644341978466216,True,"[36, 37]"
subject28_run5_non_log_preprocessed.csv,TRAIN,1122,1.338480830192566,4.599234936225021,True,"[36, 37]"
subject28_run5_non_log_preprocessed.csv,TRAIN,1123,1.3327555656433105,4.579378510365332,True,"[36, 37]"
subject28_run5_non_log_preprocessed.csv,TRAIN,1124,1.3075664043426514,4.492017182424717,True,"[36, 37]"
subject28_run5_non_log_preprocessed.csv,TRAIN,1125,1.2789478302001953,4.392761926919784,True,"[36, 37]"
subject28_run5_non_log_preprocessed.csv,TRAIN,1126,1.2583798170089722,4.321427715985244,True,"[36, 37]"
subject28_run5_non_log_preprocessed.csv,TRAIN,1127,1.248437762260437,4.2869465716976976,True,"[36, 37]"
subject28_run5_non_log_preprocessed.csv,TRAIN,1128,1.2202808856964111,4.1892925808429515,True,"[36, 37]"
subject28_run5_non_log_preprocessed.csv,TRAIN,1129,1.188918113708496,4.080519868005892,True,"[36, 37]"
subject28_run5_non_log_preprocessed.csv,TRAIN,1130,1.1765334606170654,4.037567277118202,True,"[36, 37]"
subject28_run5_non_log_preprocessed.csv,TRAIN,1131,1.1596143245697021,3.978888142268766,True,"[36, 37]"
subject28_run5_non_log_preprocessed.csv,TRAIN,1132,1.1441541910171509,3.925269136015676,True,"[36, 37]"
subject28_run5_non_log_preprocessed.csv,TRAIN,1133,1.1234099864959717,3.8533238563610293,True,"[36, 37]"
subject28_run5_non_log_preprocessed.csv,TRAIN,1134,1.1156342029571533,3.8263557978527785,True,"[36, 37]"
subject28_run5_non_log_preprocessed.csv,TRAIN,1135,1.1043833494186401,3.787335463119992,True,"[36, 37]"
subject28_run5_non_log_preprocessed.csv,TRAIN,1136,1.1111961603164673,3.81096372925948,True,"[36, 37]"
subject28_run5_non_log_preprocessed.csv,TRAIN,1137,1.1127588748931885,3.8163835532458763,True,"[36, 37]"
subject28_run5_non_log_preprocessed.csv,TRAIN,1138,1.119394063949585,3.839395789349532,True,"[36, 37]"
subject28_run5_non_log_preprocessed.csv,TRAIN,1139,1.1209678649902344,3.8448540635327957,True,"[36, 37]"
subject28_run5_non_log_preprocessed.csv,TRAIN,1140,1.1356189250946045,3.895667032300519,True,"[37, 38]"
subject28_run5_non_log_preprocessed.csv,TRAIN,1141,1.1419644355773926,3.9176746019698974,True,"[37, 38]"
subject28_run5_non_log_preprocessed.csv,TRAIN,1142,1.140333652496338,3.9120187020435946,True,"[37, 38]"
subject28_run5_non_log_preprocessed.csv,TRAIN,1143,1.1605515480041504,3.982138630954482,True,"[37, 38]"
subject28_run5_non_log_preprocessed.csv,TRAIN,1144,1.156050682067871,3.966528677912268,True,"[37, 38]"
subject28_run5_non_log_preprocessed.csv,TRAIN,1145,1.161999225616455,3.9871594824680066,True,"[37, 38]"
subject28_run5_non_log_preprocessed.csv,TRAIN,1146,1.1650515794754028,3.997745689895856,True,"[37, 38]"
subject28_run5_non_log_preprocessed.csv,TRAIN,1147,1.1431636810302734,3.9218338383192104,True,"[37, 38]"
subject28_run5_non_log_preprocessed.csv,TRAIN,1148,1.1341350078582764,3.890520494121965,True,"[37, 38]"
subject28_run5_non_log_preprocessed.csv,TRAIN,1149,1.1124906539916992,3.815453306547471,True,"[37, 38]"
subject28_run5_non_log_preprocessed.csv,TRAIN,1150,1.102730631828308,3.7816034896859083,True,"[37, 38]"
subject28_run5_non_log_preprocessed.csv,TRAIN,1151,1.076072335243225,3.6891468904958957,True,"[37, 38]"
subject28_run5_non_log_preprocessed.csv,TRAIN,1152,1.0624237060546875,3.641810563722345,True,"[37, 38]"
subject28_run5_non_log_preprocessed.csv,TRAIN,1153,1.0413818359375,3.568832916953957,True,"[37, 38]"
subject28_run5_non_log_preprocessed.csv,TRAIN,1154,1.0180346965789795,3.487860109895011,True,"[37, 38]"
subject28_run5_non_log_preprocessed.csv,TRAIN,1155,0.9912999272346497,3.3951382870352087,True,"[37, 38]"
subject28_run5_non_log_preprocessed.csv,TRAIN,1156,0.9720844030380249,3.3284947933970055,True,"[37, 38]"
subject28_run5_non_log_preprocessed.csv,TRAIN,1157,0.9488735198974609,3.247994551660849,True,"[37, 38]"
subject28_run5_non_log_preprocessed.csv,TRAIN,1158,0.9158380031585693,3.133420406969558,True,"[37, 38]"
subject28_run5_non_log_preprocessed.csv,TRAIN,1159,0.8853741884231567,3.027765467622575,True,"[37, 38]"
